Word in header,Number of times it appears,Does it map to a page in the site,Does it have extensive headers,,,
a,1,N,N,,,
acceptance,1,Y,N,,,
accident,1,Y,Y,,,
actons,1,N,N,,,
advertised,1,N,N,,,
afraid,1,N,N,,,
aldgate,1,Y,Y,,,
alley,3,N,N,,,
alphgate,1,Y,Y,,,
anger,1,Y,N,,,
arch,1,N,N,,,
archway,1,N,N,,,
art,1,Y,Y,,,
artec,1,Y,Y,,,
audience,1,Y,N,,,
author,1,Y,N,,,
authority,1,Y,N,,,
authors,1,Y,N,,,
bagel,1,N,N,,,
baltic,1,N,N,,,
bank,1,Y,N,,,
basin,1,N,N,,,
bath,1,Y,Y,,,
bbc,1,N,N,,,
belfast,1,N,N,,,
big,1,N,N,,,
bin,1,N,N,,,
binary,3,Y,N,,,
birth,1,Y,Y,,,
bishopsgate,1,Y,Y,,,
bite,1,N,N,,,
blackfriars,1,N,N,,,
bomb,3,N,N,,,
bone,2,N,N,,,
bones,1,N,N,,,
box,1,N,N,,,
bridge,3,N,N,,,
broken,2,N,N,,,
buggers,1,Y,N,,,
bugging,1,N,N,,,
building,1,N,N,,,
bunker,1,N,N,,,
cafe,1,Y,Y,,,
camden,1,N,N,,,
canal,1,N,N,,,
cap,1,N,N,,,
cardinal,1,N,N,,,
cave,1,N,N,,,
cemetry,1,N,N,,,
centre,1,N,N,,,
change,2,Y,N,,,
charing,1,N,N,,,
chisenhale,1,Y,N,,,
circle,1,N,N,,,
circus,2,N,N,,,
city,1,N,N,,,
clockwise,1,Y,N,,,
collective,1,Y,N,,,
computers,1,N,N,,,
conflict,1,Y,N,,,
confused,1,Y,N,,,
confusion,1,Y,N,,,
contour,1,N,N,,,
court,1,N,N,,,
covent,1,N,N,,,
creativity,1,Y,N,,,
cross,1,N,N,,,
cutting,1,Y,N,,,
death,1,Y,N,,,
deciders,1,Y,N,,,
delusion,1,Y,N,,,
denial,1,Y,N,,,
denied,1,Y,N,,,
desire,1,Y,N,,,
destruction,1,Y,N,,,
diffusion,1,Y,N,,,
dillions,1,Y,N,,,
discard,1,Y,N,,,
dock,1,N,N,,,
dunstans,1,N,N,,,
ease,1,Y,N,,,
electricity,1,Y,N,,,
enforced,1,Y,N,,,
escalator,1,Y,N,,,
essex,1,N,N,,,
evolution,1,Y,N,,,
eyes,1,N,N,,,
farringdon,1,Y,Y,,,
fear,1,Y,N,,,
feedback,1,Y,N,,,
fish,1,N,N,,,
flow,1,Y,N,,,
following,1,Y,N,,,
fracture,1,Y,N,,,
freedom,1,N,N,,,
freemasons,1,Y,Y,,,
front,1,Y,N,,,
ft,1,N,N,,,
future,1,Y,N,,,
garage,1,N,N,,,
garden,3,N,N,,,
garlicke,1,N,N,,,
greenwich,1,Y,Y,,,
guilt,1,Y,N,,,
hand,1,N,N,,,
hayward,1,Y,Y,,,
head,1,N,N,,,
helicopter,1,N,Y,,,
high,1,Y,N,,,
highgate,1,N,N,,,
hill,2,N,N,,,
hms,1,N,N,,,
hmv,1,Y,N,,,
holborn,1,N,N,,,
home,1,N,N,,,
horizon,1,Y,N,,,
hq,2,N,N,,,
hurt,1,Y,N,,,
hutch,1,Y,N,,,
ica,1,Y,Y,,,
implied,1,Y,N,,,
impotent,1,Y,N,,,
in,1,N,N,,,
inequality,1,Y,N,,,
info,1,Y,N,,,
inward,1,Y,N,,,
island,1,N,N,,,
job,1,N,N,,,
judd,1,N,N,,,
kingscross,1,Y,Y,,,
lang,1,N,N,,,
language,1,N,N,,,
law,1,Y,N,,,
left,1,N,N,,,
leicester,1,N,N,,,
lies,1,Y,N,,,
life,1,Y,N,,,
lisson,1,Y,Y,,,
liverpool,1,Y,Y,,,
lloyds,1,N,N,,,
lock,2,N,N,,,
london,36,N,N,,,
low,1,Y,N,,,
lrt,1,N,N,,,
ludgate,1,Y,Y,,,
mag,1,N,N,,,
mail,1,N,N,,,
map,2,N,N,,,
marble,1,N,N,,,
market,1,Y,Y,,,
marys,1,N,N,,,
masochism,1,Y,N,,,
metal,1,N,N,,,
mi5,4,N,N,,,
mi6,2,N,N,,,
military,1,N,N,,,
misunderstand,1,Y,N,,,
mithras,1,N,N,,,
moorgate,1,N,N,,,
mount,1,N,N,,,
murder,1,Y,N,,,
muswell,1,N,N,,,
my,1,N,N,,,
natwest,1,N,N,,,
neals,1,N,N,,,
network,1,Y,N,,,
new,3,N,N,,,
newgate,1,Y,Y,,,
nuclear,1,N,N,,,
october,1,Y,Y,,,
office,1,Y,Y,,,
old,6,N,N,,,
palace,1,N,N,,,
park,1,N,N,,,
past,1,Y,N,,,
photographers,1,Y,Y,,,
piccadilly,1,N,N,,,
pie,1,N,N,,,
pierce,1,Y,N,,,
pit,1,Y,N,,,
pleasant,1,N,N,,,
popular,1,Y,N,,,
postgate,1,Y,Y,,,
postmans,1,N,N,,,
power,1,Y,N,,,
powerless,1,Y,N,,,
praise,1,Y,N,,,
present,1,N,N,,,
press,1,N,N,,,
printers,1,N,N,,,
progress,2,Y,N,,,
protest,1,Y,N,,,
puncture,1,Y,N,,,
queenhithe,1,Y,Y,,,
rail,1,N,N,,,
regents,1,N,N,,,
regression,1,Y,N,,,
relief,1,Y,N,,,
resolve,1,Y,N,,,
riba,1,Y,Y,,,
right,3,N,N,,,
rigid,1,Y,N,,,
road,1,N,N,,,
roman,1,N,N,,,
saatchi,1,Y,Y,,,
sand,1,N,N,,,
scar,1,Y,N,,,
schemap,1,Y,N,,,
secret,1,N,N,,,
seduce,1,Y,N,,,
selfhate,1,Y,N,,,
serpentine,1,Y,Y,,,
shaft,1,Y,N,,,
shop,2,N,N,,,
skaters,1,Y,N,,,
skip,2,N,N,,,
space,1,N,N,,,
spanner,1,N,N,,,
spring,1,Y,N,,,
square,2,Y,N,,,
st,2,N,N,,,
stabbing,1,Y,N,,,
stall,1,N,N,,,
steps,2,N,N,,,
street,1,N,N,,,
struct,1,N,N,,,
structure,2,N,N,,,
submission,1,Y,N,,,
subvert,1,Y,N,,,
suppressed,1,Y,N,,,
tate,1,Y,Y,,,
temple,1,N,N,,,
tesco,1,Y,Y,,,
text,1,N,N,,,
thought,1,Y,N,,,
threes,1,N,N,,,
through,1,Y,N,,,
tourist,1,N,N,,,
trafalgar,1,N,N,,,
tram,1,N,N,,,
truth,1,Y,N,,,
tube,1,N,N,,,
tunnel,2,N,N,,,
uncertainty,1,Y,N,,,
unknown,1,Y,N,,,
vegetable,1,N,N,,,
ventilator,1,Y,N,,,
viaduct,2,N,N,,,
video,2,N,N,,,
violent,1,Y,N,,,
visitor,1,N,N,,,
wall,1,N,N,,,
wall1,1,N,N,,,
wardrobe,1,N,N,,,
whitechapel,1,N,N,,,
winchester,1,N,N,,,
wittington,1,N,N,,,
wounded,1,Y,N,,,
wounds,1,Y,N,,,
yard,1,N,N,,,
york,1,N,N,,,
zoo,1,Y,Y,,,
,,,,,,
,,,,,,
,,,,,,
,,,,,,
,,,,,,
,,,,,,
,,,,,,
,,,,,,
,,,,,,
,,,,,,
,,,,,,
,,,,,,
,,,,,,
,,,,,,
,,,,,,
,,,,,,
,,,,,,
,,,,,,
,,,,,,
,,,,,,
,,,,,,
,,,,,,
,,,,,,
,,,,,,
,,,,,,
,,,,,,
,,,,,,
,,,,,,
,,,,,,
,,,,,,
,,,,,,
,,,,,,
,,,,,,
,,,,,,
,,,,,,
,,,,,,
,,,,,,
,,,,,,
,,,,,,
,,,,,,
,,,,,,
,,,,,,
,,,,,,
,,,,,,
,,,,,,
,,,,,,
,,,,,,
,,,,,,
,,,,,,
,,,,,,
,,,,,,
,,,,,,
,,,,,,
,,,,,,
,,,,,,
,,,,,,
,,,,,,
,,,,,,
,,,,,,
,,,,,,
,,,,,,
,,,,,,
,,,,,,
,,,,,,
,,,,,,
,,,,,,
,,,,,,
,,,,,,
,,,,,,
,,,,,,
,,,,,,
,,,,,,
,,,,,,
,,,,,,
,,,,,,
,,,,,,
,,,,,,
,,,,,,
,,,,,,
,,,,,,
,,,,,,
,,,,,,
,,,,,,
,,,,,,
,,,,,,
,,,,,,
,,,,,,
,,,,,,
,,,,,,
,,,,,,
,,,,,,
,,,,,,
,,,,,,
,,,,,,
,,,,,,
,,,,,,
,,,,,,
,,,,,,
,,,,,,
,,,,,,
,,,,,,
,,,,,,
,,,,,,
,,,,,,
,,,,,,
,,,,,,
,,,,,,
,,,,,,
,,,,,,
,,,,,,
,,,,,,
,,,,,,
,,,,,,
,,,,,,
,,,,,,
,,,,,,
,,,,,,
,,,,,,
,,,,,,
,,,,,,
,,,,,,
,,,,,,
,,,,,,
,,,,,,
,,,,,,
,,,,,,
,,,,,,
,,,,,,
,,,,,,
,,,,,,
,,,,,,
,,,,,,
,,,,,,
,,,,,,
,,,,,,
,,,,,,
,,,,,,
,,,,,,
,,,,,,
,,,,,,
,,,,,,
,,,,,,
,,,,,,
,,,,,,
,,,,,,
,,,,,,
,,,,,,
,,,,,,
,,,,,,
,,,,,,
,,,,,,
,,,,,,
,,,,,,
,,,,,,
,,,,,,
,,,,,,
,,,,,,
,,,,,,
,,,,,,
,,,,,,
,,,,,,
,,,,,,
,,,,,,
,,,,,,
,,,,,,
,,,,,,
,,,,,,
,,,,,,
,,,,,,
,,,,,,
,,,,,,
,,,,,,
,,,,,,
,,,,,,
,,,,,,
,,,,,,
,,,,,,
,,,,,,
,,,,,,
,,,,,,
,,,,,,
,,,,,,
,,,,,,
,,,,,,
,,,,,,
,,,,,,
,,,,,,
,,,,,,
,,,,,,
,,,,,,
,,,,,,
,,,,,,
,,,,,,
,,,,,,
,,,,,,
,,,,,,
,,,,,,
,,,,,,
,,,,,,
,,,,,,
,,,,,,
,,,,,,
,,,,,,
,,,,,,
,,,,,,
,,,,,,
,,,,,,
,,,,,,
,,,,,,
,,,,,,
,,,,,,
,,,,,,
,,,,,,
,,,,,,
,,,,,,
,,,,,,
,,,,,,
,,,,,,
,,,,,,
,,,,,,
,,,,,,
,,,,,,
,,,,,,
,,,,,,
,,,,,,
,,,,,,
,,,,,,
,,,,,,
,,,,,,
,,,,,,
,,,,,,
,,,,,,
,,,,,,
,,,,,,
,,,,,,
,,,,,,
,,,,,,
,,,,,,
,,,,,,
,,,,,,
,,,,,,
,,,,,,
,,,,,,
,,,,,,
,,,,,,
,,,,,,
,,,,,,
,,,,,,
,,,,,,
,,,,,,
,,,,,,
,,,,,,
,,,,,,
,,,,,,
,,,,,,
,,,,,,
"
",,,,,,